Silla,700
Silla BB,1000
Fuente de servir con pinza,3000
Tablón con caballetes,7000
Panera,600
Mesa 10 personas,7000
Mesa 12 personas,7000
Jarra de vidrio,2500
Mesa Imperial,10000
Plato de sitio,1000
Mantel redondo Blanco,7500
Pocillo café c/ platito,850
Mantel redondo Negro,7500
Tacho,5000
"Mantel Rect. 15,4 x4",7500
"Mantel Rect. 2,2 x 4 Blanco",9000
"Mantel Rect. 2,2 x 4 Negro",9000
Mantel Rect. Imperial Blanco,10000
Mantel Rect. Imperial Negro,10000
Servilletas negras,350
Servilletas blancas,350
Funda silla blanca,1000
Funda silla Negra,1000
Plato Verbano x 25 cm,450
Plato Verbano x 21 cm,425
Plato Verbano x 19 cm,400
Plato Verbano x 16 cm,375
Cubierto x 3,500
Cubierto x 2,450
Tenedor picada,250
Cuchara grande,350
Copa vino - agua,450
Copa de vino Grande,650
Copa Champagne,450
Vaso copa sin pie,450
Copa Sidra,450
Copa helado,500
Vaso liso,400
Copa GIN,750
Vaso Whisky,750
Hielera con pinza,2000
Ensaladera porcelana,2000
Ensaladera acero,2000
Frapera,3000
Fuentina playa grande,2000
Fuentina playa mediana,1750
Fuentina playa chica,1500
Espada,1750
Bandeja de mozo,3000
Cazuela,750
